[
  {
    "name": "theme_info",
    "theme_name": "Future",
    "theme_author": "Leonardo",
    "theme_version": "1.0.0",
    "theme_support_email": "leonardomafra574@gmail.com"
  },
  {
    "name": {
      "en": "Colors"
    },
    "settings": [
      {
        "type": "header",
        "content": {
          "en": "Text"
        }
      },
      {
        "type": "color",
        "id": "color_text",
        "label": {
          "en": "Headings and links"
        },
        "default": "#3a3a3a"
      },
      {
        "type": "color",
        "id": "color_body_text",
        "label": {
          "en": "Body text"
        },
        "default": "#333232"
      },
      {
        "type": "color",
        "id": "color_sale_text",
        "label": {
          "en": "Sale price"
        },
        "default": "#fa4545"
      },
      {
        "type": "header",
        "content": {
          "en": "Buttons"
        }
      },
      {
        "type": "color",
        "id": "color_button",
        "label": {
          "en": "Primary buttons"
        },
        "default": "#3a3a3a"
      },
      {
        "type": "color",
        "id": "color_button_text",
        "label": {
          "en": "Primary labels"
        },
        "default": "#ffffff"
      },
      {
        "type": "color",
        "id": "color_small_button_text_border",
        "label": {
          "en": "Secondary labels and borders"
        },
        "default": "#3a3a3a"
      },
      {
        "type": "header",
        "content": {
          "en": "Form fields"
        }
      },
      {
        "type": "color",
        "id": "color_text_field_text",
        "label": {
          "en": "Text"
        },
        "default": "#000000"
      },
      {
        "type": "color",
        "id": "color_text_field_border",
        "label": {
          "en": "Borders"
        },
        "default": "#cccccc"
      },
      {
        "type": "color",
        "id": "color_text_field",
        "label": {
          "en": "Background"
        },
        "default": "rgba(0,0,0,0)"
      },
      {
        "type": "header",
        "content": {
          "en": "Image overlays"
        }
      },
      {
        "type": "color",
        "id": "color_image_overlay_text",
        "label": {
          "en": "Text"
        },
        "default": "#ffffff"
      },
      {
        "type": "color",
        "id": "color_image_overlay",
        "label": {
          "en": "Background"
        },
        "default": "#685858"
      },
      {
        "type": "range",
        "id": "image_overlay_opacity",
        "label": {
          "en": "Opacity"
        },
        "min": 0,
        "max": 100,
        "step": 1,
        "unit": {
          "en": "%"
        },
        "default": 40
      },
      {
        "type": "header",
        "content": {
          "en": "Page"
        }
      },
      {
        "type": "color",
        "id": "color_borders",
        "label": {
          "en": "Borders and lines"
        },
        "default": "#ebebeb"
      },
      {
        "type": "color",
        "id": "color_body_bg",
        "label": {
          "en": "Background"
        },
        "default": "#ffffff"
      }
    ]
  },
  {
    "name": {
      "en": "Typography"
    },
    "settings": [
      {
        "type": "header",
        "content": {
          "en": "Headings and buttons"
        }
      },
      {
        "type": "font_picker",
        "id": "type_header_font",
        "label": {
          "en": "Font"
        },
        "default": "helvetica_n7"
      },
      {
        "type": "range",
        "id": "type_header_base_size",
        "label": {
          "en": "Heading base size"
        },
        "default": 26,
        "min": 20,
        "max": 36,
        "step": 1,
        "unit": "px"
      },
      {
        "type": "header",
        "content": {
          "en": "Body text"
        }
      },
      {
        "type": "font_picker",
        "id": "type_base_font",
        "label": {
          "en": "Font"
        },
        "default": "helvetica_n4"
      },
      {
        "type": "range",
        "id": "type_base_size",
        "label": {
          "en": "Base size"
        },
        "default": 15,
        "min": 14,
        "max": 20,
        "step": 1,
        "unit": "px"
      }
    ]
  },
  {
    "name": "Currency conversion",
    "settings": [
      {
        "type": "checkbox",
        "id": "currency_conversion_enabled",
        "label": "Enable",
        "default": false
      },
      {
        "type": "text",
        "id": "currency_conversion_supported_currencies",
        "label": "Supported currencies",
        "info": "List of currencies to display. You must separate each currencies by an empty space, and use the ISO 4217 3-letter code. Example: USD CAD EUR. All the possible values are [listed there](http://bit.ly/1C4cZ3w)",
        "default": "USD"
      },
      {
        "type": "text",
        "id": "currency_conversion_default_currency",
        "label": "Default currency",
        "default": "USD"
      }
    ]
  },
  {
    "name": "Search",
    "settings": [
      {
        "type": "select",
        "id": "search_mode",
        "label": "Search only...",
        "options": [
          {
            "value": "product",
            "label": "Products only"
          },
          {
            "value": "product,page",
            "label": "Products and pages"
          },
          {
            "value": "product,article",
            "label": "Products and articles"
          },
          {
            "value": "product,article,page",
            "label": "Products, articles and pages"
          }
        ],
        "default": "product"
      }
    ]
  },
  {
    "name": "Social media",
    "settings": [
      {
        "type": "header",
        "content": "Accounts"
      },
      {
        "type": "text",
        "id": "social_facebook",
        "info": "https://www.facebook.com/shopify",
        "label": "Facebook"
      },
      {
        "type": "text",
        "id": "social_twitter",
        "info": "https://twitter.com/shopify",
        "label": "Twitter"
      },
      {
        "type": "text",
        "id": "social_google_plus",
        "info": "https://plus.google.com/+shopify",
        "label": "Google Plus"
      },
      {
        "type": "text",
        "id": "social_pinterest",
        "info": "https://www.pinterest.com/shopify",
        "label": "Pinterest"
      },
      {
        "type": "text",
        "id": "social_instagram",
        "info": "https://instagram.com/shopify",
        "label": "Instagram"
      },
      {
        "type": "text",
        "id": "social_vimeo",
        "info": "https://vimeo.com/shopify",
        "label": "Vimeo"
      },
      {
        "type": "text",
        "id": "social_tumblr",
        "info": "http://shopify.tumblr.com",
        "label": "Tumblr"
      },
      {
        "type": "text",
        "id": "social_youtube",
        "info": "https://www.youtube.com/user/shopify",
        "label": "YouTube"
      },
      {
        "type": "text",
        "id": "social_fancy",
        "info": "http://fancy.com/Shopify",
        "label": "Fancy"
      }
    ]
  },
  {
    "name": "Favicon",
    "settings": [
      {
        "type": "image_picker",
        "id": "favicon",
        "label": "Image",
        "info": "32 x 32px .png recommended"
      }
    ]
  }
]